Word,Score
신입,177.03955214326913
신입 경력,71.69775865103331
만료,0.5773502691896257
페이지,0.5773502691896257
페이지 만료,0.5773502691896257
