Word,Score
마감 일상,615.5
일상,615.5
일상 채용,615.5
채용,615.5
만료,0.5773502691896257
페이지,0.5773502691896257
페이지 만료,0.5773502691896257
