Word,Score
신입,212.0
만료,0.7071067811865475
페이지,0.7071067811865475
