Word,Score
일상,870.4484476406464
채용,870.4484476406464
만료,0.7071067811865475
페이지,0.7071067811865475
